{
  "epoch": 1,
  "tr_loss": 0.6963415145874023,
  "va_loss": 0.6933245658874512,
  "va_auc": 1.0,
  "va_f1": 0.6666666666666666,
  "test_loss": 0.6842679977416992,
  "test_auc": 0.75,
  "test_f1": 0.6666666666666666,
  "in_dim": 24,
  "edge_dim": 2,
  "hidden": 64,
  "heads": 4,
  "batch": 4,
  "lr": 0.0005,
  "dropout": 0.2,
  "weight_decay": 0.0001,
  "seed": 42
}