res_index,score
425,0.0004427432995555
502,0.0007546452398611
432,0.00036365761
519,0.0008355717523611
