residue,score
A:519,0.0009111206144444446
A:502,0.0008354777033333335
A:425,0.00044274329955555554
A:432,0.00036365761
