residue,score
A:516,0.0009606655933333326
A:519,0.0009111206144444446
A:502,0.0008354777033333335
A:404,0.0004575738704444447
A:425,0.00044274329955555554
A:432,0.00036365761
A:492,0.0003335628703333333
A:496,0.0003227987111111112
A:460,0.0002873357155555555
A:453,0.0002859584594444446
A:416,0.0002839868314444445
A:518,0.0002757787602222225
A:474,0.0002490072933333334
A:409,0.00024416675433333335
A:467,0.00023246260499999998
A:319,0.0002316963486666667
A:512,0.00022175088822222206
A:448,0.00021893936977777787
A:457,0.00021282975555555572
A:481,0.00020894780855555553
A:486,0.00020586208688888892
A:433,0.00020477910344444446
A:443,0.00020233650166666666
A:489,0.00017952504666666667
A:315,0.00017508024444444446
A:521,0.0001714197117777779
A:390,0.00016586494633333325
A:484,0.00016559618477777756
A:476,0.00016279088166666665
A:475,0.00016267719111111127
A:351,0.00016193981611111114
A:359,0.00015870225555555538
A:505,0.00015265418844444446
A:412,0.00014035103444444443
A:507,0.00013936427666666658
A:430,0.0001344814864444444
A:419,0.0001314941795555556
A:392,0.00013132817511111116
A:535,0.00012785536555555562
A:342,0.00012150963777777786
A:356,0.00011566778944444448
A:374,0.00011495419111111116
A:399,0.00011130847999999999
A:354,0.00010853376000000007
A:495,0.00010677377822222224
A:533,9.84371766666667e-05
A:366,9.832888888888888e-05
A:317,9.80336111111111e-05
A:454,9.376254088888891e-05
A:405,9.35647805555556e-05
