residue,score
A:516,0.00175408654
A:390,0.0011604038
A:433,0.0009505548499999
A:537,0.00092907913
A:336,0.00074405747
A:521,0.00072164166
A:492,0.0007058014
A:519,0.00069815622
A:456,0.0006860350299999
A:512,0.00067382818
A:518,0.00065700532
A:460,0.00065196403
A:484,0.0006280079999999
A:520,0.00060695217
A:489,0.0005768437
A:337,0.000563771
A:457,0.0005255658
A:359,0.00051937276
A:303,0.00051686472
A:413,0.0005160674
A:425,0.00050873576
A:475,0.00049458942
A:483,0.00047802252
A:328,0.00044999986
A:482,0.00044224114
A:502,0.00044149523
A:507,0.00044139201
A:468,0.00044112357
A:409,0.00044013836
A:432,0.0004243087
A:354,0.00041586054
A:382,0.00036866524
A:412,0.00036728241
A:327,0.00036528585
A:438,0.0003486736799999
A:319,0.00034556594
A:351,0.0003405393399999
A:392,0.00033937127
A:430,0.00033693536
A:496,0.00032684825
A:366,0.00032156836
A:446,0.0003191656999999
A:374,0.00030901287
A:427,0.00030046083
A:330,0.0002950855499999
A:453,0.0002541343
A:535,0.0002536617399999
A:444,0.00024533978
A:448,0.0002450829
A:416,0.00022774256
