residue,score
A:333,0.00057495145
A:384,0.0004825362499999
A:435,0.00044090391
A:467,0.00043015685
A:439,0.0003440484799999
A:508,0.000284372955
A:411,0.00027870664
A:436,0.000273978683
A:513,0.00027157108
A:395,0.000267445144
A:400,0.000266489416
A:326,0.00026060381
A:417,0.00025741415
A:375,0.00024277535
A:349,0.0002406769899999
A:367,0.0002330085099999
A:420,0.00023202255
A:479,0.00022917003
A:307,0.00022520767
A:431,0.00022499746
A:450,0.0002225924059999
A:470,0.000220344977
A:472,0.000195641825
A:360,0.00019540012
A:524,0.000193910786
A:473,0.0001932170699999
A:538,0.00018951077
A:466,0.00018849123
A:509,0.00018819611
A:324,0.0001847064799999
A:480,0.00018138737
A:465,0.0001771106999999
A:301,0.000170651546
A:320,0.00017065101
A:381,0.0001615758
A:536,0.0001535124
A:526,0.00014729835
A:380,0.000144941476
A:368,0.0001418948099999
A:511,0.000140633606
A:515,0.0001381516849999
A:401,0.0001373304
A:346,0.00013478778
A:451,0.0001322388499999
A:348,0.00012994351
A:477,0.000128555675
A:310,0.00012723888
A:421,0.00012526105
A:497,0.00012512278
A:503,0.00012298326
