residue,score
A:437,0.00029151717333333334
A:482,0.0002868707939999999
A:470,0.0002799900691111111
A:333,0.00025568539000000003
A:439,0.00022845009300000006
A:537,0.00022647809877777774
A:303,0.0002047792515555555
A:528,0.00019751249888888902
A:498,0.00019410265077777778
A:402,0.00019126819833333334
A:338,0.00018276948666666665
A:456,0.0001738176933333334
A:313,0.00017280014955555557
A:530,0.00015487518188888894
A:525,0.00015338771500000002
A:654,0.0001430504
A:599,0.0001419504222222222
A:469,0.00014093678099999995
A:450,0.0001380788041111111
A:378,0.00013685653644444445
A:449,0.00013571053466666667
A:473,0.0001356206337777778
A:395,0.00013561991477777777
A:464,0.0001339903592222223
A:472,0.00012873578333333333
A:254,0.00012030190777777776
A:358,0.00012026489333333339
A:386,0.00011950202488888889
A:339,0.0001173719678888889
A:266,0.00011551134777777778
A:361,0.0001130903537777778
A:312,0.00010841684888888894
A:279,0.00010721098666666666
A:445,0.00010600588333333332
A:424,0.0001019132516666667
A:257,0.00010166872111111112
A:407,0.0001016159561111111
A:298,0.00010105976622222221
A:517,0.0001008771337777778
A:461,9.97987628888889e-05
A:446,9.94238433333333e-05
A:612,9.194823333333334e-05
A:326,9.06416566666666e-05
A:296,8.993788888888888e-05
A:280,8.988531444444444e-05
A:640,8.941503888888889e-05
A:330,8.624616555555551e-05
A:411,8.561213811111111e-05
A:421,8.283304177777778e-05
A:529,8.150239222222218e-05
