residue,score
A:528,0.00076846087
A:424,0.0007480236583333
A:488,0.0006766068177777
A:483,0.0006606953176666
A:482,0.0006396204088888
A:354,0.0006394228933333
