residue,score
A:516,0.0027254450999999996
A:519,0.0015155115111111113
A:502,0.0014821374111111112
A:448,0.0013622543444444446
A:484,0.001347367651111111
A:496,0.001318273577777778
A:390,0.0011952168144444444
A:413,0.0011841951555555553
A:457,0.0011828104000000002
A:521,0.001074120128888889
A:384,0.0010222572244444445
A:404,0.0010189668222222224
A:518,0.001006170418888889
A:492,0.0010009126944444445
A:489,0.0009956997
A:430,0.0009531199255555556
A:325,0.0009519591522222222
A:467,0.0009196696911111112
A:474,0.0008926908933333334
A:359,0.0008815794555555555
A:453,0.0008559589277777779
A:382,0.000842741411111111
A:512,0.0008424571988888889
A:443,0.00078369316
A:342,0.0007511000144444445
