residue,score
A:516,0.0022451123033332496
A:502,0.0010643985594444
A:448,0.0012527846595555
A:484,0.0012645695587222001
A:496,0.00115687422222215
A:390,0.0011122843412777498
A:413,0.0012144110705555001
A:457,0.0010763955222222
A:521,0.00098841027299995
A:384,0.0010334598144444
A:518,0.0008682810387777001
A:492,0.00083413125927775
A:489,0.0009059371766666501
A:430,0.0008858791823332999
A:325,0.0009481420533332999
A:467,0.0008034383886111
A:474,0.00076818724666665
A:359,0.0008022283277777499
A:382,0.0008151607463333
