residue,score
A:519,0.0015155115111111
A:404,0.0010189668222222
A:453,0.0008559589277777
A:512,0.0008424571988888
A:443,0.00078369316
A:342,0.0007511000144444
