residue,score
A:516,0.001764779506666667
A:413,0.0012446269855555555
A:484,0.0011817714663333334
A:448,0.0011433149746666667
A:384,0.0010446624044444443
A:390,0.0010293518681111112
A:496,0.0009954748666666667
A:457,0.0009699806444444445
A:325,0.0009443249544444445
A:521,0.000902700417111111
A:430,0.0008186384391111112
A:489,0.0008161746533333334
A:382,0.0007875800815555557
A:528,0.0007684608700000001
A:424,0.0007480236583333334
A:518,0.0007303916586666666
A:359,0.0007228772000000001
A:467,0.0006872070861111112
A:488,0.0006766068177777777
A:492,0.0006673498241111112
A:483,0.0006606953176666667
A:502,0.0006466597077777777
A:474,0.0006436836
A:482,0.0006396204088888888
A:354,0.0006394228933333333
