res_index,score
382,0.0007875800815555556
424,0.0007480236583333333
599,0.0012775538
612,0.0008275341
640,0.00080473535
654,0.0012874536
