res_index,score
319,0.0007237167600000001
342,0.0007511000144444444
354,0.0007479566533333333
404,0.0010189668222222222
443,0.00078369316
453,0.0008559589277777778
