res_index,score
390,0.0011122843412777778
413,0.0012922002571527777
448,0.0012527846595555556
484,0.0012645695587222222
496,0.001219091401388889
516,0.0023554110225
521,0.0010448290490694444
