res_index,score
325,0.0009481420533333333
359,0.0008022283277777777
382,0.0008151607463333333
384,0.0010334598144444444
390,0.0011122843412777778
413,0.0012922002571527777
430,0.0008858791823333333
448,0.0012527846595555556
457,0.0010763955222222222
467,0.0008034383886111111
474,0.0007681872466666667
483,0.0006932665432777777
484,0.0012645695587222222
489,0.0009059371766666668
492,0.0008341312592777777
496,0.001219091401388889
502,0.0011048147911805555
507,0.0007004803015277779
512,0.0007703758991944444
516,0.0023554110225
518,0.0009139305174444444
519,0.0010977256349305555
521,0.0010448290490694444
528,0.000946112773375
