res_index,score
404,0.0010189668222222222
467,0.0009196696911111112
474,0.0008926908933333334
492,0.0010009126944444445
502,0.001482137411111111
519,0.001515511511111111
