res_index,score
457,0.0011828104
502,0.001482137411111111
519,0.001515511511111111
