res_index,score
384,0.0010446624044444443
599,0.0012775538
654,0.0012874536
