res_index,score
426,0.0001974981271111
308,0.0001001313233333
393,0.0001239245715555
325,0.0002980840933333
404,0.00013011489625
502,0.0002350950511111
520,0.0003450181308055
511,9.812707194444442e-05
504,7.185712513888893e-05
