residue,score
A:330,0.00023221745044444444
A:298,0.0001381530511111111
A:338,0.0001289834877777778
A:299,0.00012192374411111113
A:405,0.00011574605666666657
A:424,0.0001140580555555556
A:427,0.0001114235293333333
A:358,0.00010768523888888892
A:326,0.00010755135511111117
A:512,0.00010452245777777772
A:368,0.00010302088000000001
A:434,9.960848400000002e-05
A:333,9.877453999999997e-05
A:473,9.577648399999994e-05
A:539,9.187894666666666e-05
A:413,9.038085777777777e-05
A:518,8.703726888888884e-05
A:303,8.582082733333331e-05
A:515,8.463050044444444e-05
A:448,8.361047555555557e-05
A:485,7.726472022222226e-05
A:350,7.414247733333336e-05
A:483,7.198635666666673e-05
A:279,7.056841e-05
A:388,7.025379755555554e-05
A:465,6.979566999999997e-05
A:294,6.968399033333333e-05
A:297,6.946636111111111e-05
A:536,6.61329822222222e-05
A:283,6.525991222222222e-05
A:398,6.209894588888889e-05
A:489,6.137385777777777e-05
A:416,6.0857816555555557e-05
A:470,5.960752111111112e-05
A:367,5.865849166666667e-05
A:380,5.773136699999998e-05
A:428,5.732616177777782e-05
A:314,5.604415555555557e-05
A:275,5.4734413333333334e-05
A:273,5.3862533666666665e-05
A:267,5.359062555555555e-05
A:280,5.326104777777778e-05
A:529,5.2998460666666715e-05
A:262,5.2982848888888885e-05
A:516,5.235500999999998e-05
A:254,5.175171e-05
A:527,5.020110222222227e-05
A:648,4.9818203333333335e-05
A:270,4.971328555555556e-05
A:611,4.952842222222222e-05
