residue,score
A:520,0.00040035144799999996
A:484,0.000355168131111111
A:325,0.00029808409333333336
A:525,0.0002929582533333332
A:488,0.00028533627555555555
A:502,0.00027462093777777785
A:494,0.0002121549799999998
A:519,0.00020666107666666674
A:426,0.00019749812711111108
A:394,0.0001859715560000001
A:475,0.00018002756666666664
A:403,0.00016654782277777778
A:510,0.0001609721406666668
A:507,0.00015674299155555557
A:404,0.00015603698111111113
A:340,0.0001500809861111111
A:505,0.00014541970888888898
A:514,0.0001405823904444444
A:419,0.00013398052488888882
A:393,0.00012392457155555552
A:301,0.00012172469033333339
A:511,0.00012065642222222221
A:312,0.00011772550000000001
A:414,0.00011660076533333334
A:412,0.00011049330333333325
A:399,0.00010905716333333326
A:456,0.00010769458444444442
A:444,0.00010624891822222219
A:460,0.0001028110455555556
A:504,0.00010141417222222227
A:382,0.00010026935588888894
A:308,0.0001001313233333333
A:319,9.888131666666657e-05
A:329,9.752168633333336e-05
A:478,9.722245555555563e-05
A:469,9.674697599999999e-05
A:406,9.46459377777778e-05
A:441,9.392533733333332e-05
A:362,8.961614044444442e-05
A:351,8.754188000000012e-05
A:400,8.748919977777782e-05
A:496,8.347784444444442e-05
A:430,8.328891555555557e-05
A:374,8.310458222222212e-05
A:418,8.282237222222226e-05
A:417,8.194275888888887e-05
A:370,8.151861400000003e-05
A:466,7.784361222222227e-05
A:495,7.395460555555561e-05
A:432,7.351456555555557e-05
