cutoff,n_roi,n_nonroi,median_roi,median_nonroi,mw_U,mw_p,cliffs_delta
c4.5,37,202,2.082030999999999e-05,-8.8386545e-06,4273.0,0.16603476186123156,0.14343055927214343
c7.0,37,202,-3.2407879999999984e-05,-4.9102675000000005e-06,3669.0,0.8614040612509302,-0.018196414236018196
