cutoff,metric,LOW_med,HIGH_med,U,p_one_sided(HIGH>LOW),"cliffs_delta(HIGH,LOW)"
4.5,pos,0.20042872601300216,0.08782729633167789,19.0,0.9739706156246999,-0.5308641975308642
4.5,abs,0.20042872601300216,0.08782729633167789,19.0,0.9739706156246999,-0.5308641975308642
7.0,pos,0.22919414583662343,0.10716836039386567,19.0,0.9739706156246999,-0.5308641975308642
7.0,abs,0.22919414583662343,0.10716836039386567,19.0,0.9739706156246999,-0.5308641975308642
