cutoff,n_low,n_high,median_low,median_high,p(HIGH>LOW)
c4.5,9,9,0.014002338416999998,0.006016508159000001,0.9739706156246999
c7.0,9,9,0.018443199447,0.008179293027999999,0.9739706156246999
