cutoff,n_low,n_high,median_low,median_high,U,p_one_sided,cliffs_delta
4.5,9,9,0.014002338416999998,0.006016508158999999,19.0,0.9739706156246999,-0.5308641975308642
7.0,9,9,0.018443199447000003,0.008179293027999999,19.0,0.9739706156246999,-0.5308641975308642
