cutoff,metric,median_low,median_high,U,p_one_sided
4.5,signed,0.014002338417,0.006016508158999999,19.0,0.9739706156246999
4.5,pos,0.014002338417,0.006016508158999999,19.0,0.9739706156246999
4.5,abs,0.014002338417,0.006016508158999999,19.0,0.9739706156246999
7.0,signed,0.018443199447,0.008179293027999999,19.0,0.9739706156246999
7.0,pos,0.018443199447,0.008179293027999999,19.0,0.9739706156246999
7.0,abs,0.018443199447,0.008179293027999999,19.0,0.9739706156246999
