residue,score
A:516,0.0008725704855555556
A:488,0.0007554906744444445
A:484,0.0006132237833333333
A:444,0.000506086594
A:519,0.0005000103966666667
A:525,0.0004918638222222223
A:448,0.0004887996955555556
A:462,0.00048680429
A:476,0.0004839118977777778
A:330,0.0004789152537777778
A:489,0.0004760019711111111
A:394,0.00047385490511111107
A:432,0.00046630184777777785
A:374,0.0004630713788888889
A:522,0.0004459662066666667
A:456,0.00044306318999999994
A:325,0.00044297416444444445
A:520,0.00044266653755555555
A:438,0.00043819644222222224
A:537,0.0004301742144444444
A:494,0.00042551442666666667
A:440,0.00042192200777777775
A:474,0.00042054304066666665
A:491,0.00041303658333333333
A:510,0.00041189591266666665
