residue,score
A:502,0.0005908280311111
A:475,0.0005664004388888
A:419,0.0004848003044444
A:426,0.0004749927944444
A:507,0.0004635794366666
A:430,0.0004602443011111
A:351,0.0004588630633333
A:478,0.00045489648
