residue,score
A:488,0.0008981588122222
A:484,0.00079080784888885
A:520,0.0006428422615554999
A:516,0.0008463929805555
A:525,0.00063834294888885
A:325,0.00059201621111105
A:519,0.00060334093499995
A:394,0.0005668406831111
A:494,0.0005315919166666
A:444,0.0005592110531110999
A:510,0.0004923819829999501
A:456,0.0004969104822221499
A:374,0.00050462366999995
A:432,0.0005030591305555
A:522,0.00047868059888884996
A:476,0.00048422419333325
A:474,0.0004367732047777
