residue,score
A:448,0.0004887996955555
A:462,0.00048680429
A:330,0.0004789152537777
A:489,0.0004760019711111
A:438,0.0004381964422222
A:537,0.0004301742144444
A:440,0.0004219220077777
A:491,0.0004130365833333
