residue,score
A:488,0.00104082695
A:484,0.0009683919144444443
A:520,0.0008430179855555555
A:516,0.0008202154755555557
A:525,0.0007848220755555555
A:325,0.0007410582577777778
A:519,0.0007066714733333334
A:394,0.0006598264611111112
A:494,0.0006376694066666665
A:444,0.0006123355122222222
A:502,0.0005908280311111111
A:510,0.0005728680533333334
A:475,0.0005664004388888889
A:456,0.0005507577744444444
A:374,0.000546175961111111
A:432,0.0005398164133333334
A:522,0.0005113949911111112
A:419,0.0004848003044444444
A:476,0.000484536488888889
A:426,0.00047499279444444446
A:507,0.0004635794366666667
A:430,0.00046024430111111115
A:351,0.0004588630633333334
A:478,0.0004548964800000001
A:474,0.0004530033688888889
