res_index,score
444,0.000506086594
448,0.0004887996955555555
462,0.00048680429
522,0.0005017119825
