res_index,score
330,0.0004789152537777778
438,0.0004381964422222222
440,0.00042192200777777775
448,0.0004887996955555555
468,0.00040344853555555557
489,0.0004760019711111111
491,0.00041303658333333333
611,0.0004457558
648,0.00044836383
