res_index,score
332,0.0004926841614285714
351,0.0004588630633333333
419,0.0004848003044444444
426,0.00047499279444444446
430,0.00046024430111111115
475,0.0005664004388888889
478,0.00045489647999999997
502,0.0005908280311111111
507,0.0004635794366666667
