res_index,score
325,0.0007410582577777778
337,0.0006708342516666666
394,0.0006598264611111112
494,0.0006376694066666667
