res_index,score
325,0.0007410582577777778
337,0.0006708342516666666
456,0.0005507577744444445
475,0.0005664004388888889
502,0.0005908280311111111
