res_index,score
484,0.0007908078488888889
488,0.0008981588122222222
516,0.0009009286359027778
519,0.0006345915847916666
520,0.0006705089201527778
525,0.0006690844377777777
