res_index,score
330,0.0004789152537777778
448,0.0004887996955555555
462,0.00048680429
476,0.0004839118977777778
489,0.0004760019711111111
