cutoff,group,n,edges_roi_mean,contacts_sum_roi_mean
c4.5,LOW,9,72.0,744.7777777777778
c4.5,HIGH,9,78.55555555555556,835.5555555555555
c7,LOW,9,98.55555555555556,3328.3333333333335
c7,HIGH,9,116.0,3781.5555555555557
